company,ticker,cik,filing_date,event_type,person_name,title,effective_date,earnings_company,earnings_cik,earnings_filing_date,earnings_period,earnings_revenue_reported,earnings_eps_diluted,earnings_net_income,days_to_nearest_earnings,event_timing
Apple Inc.,AAPL,320193,2025-12-05,departure,Kate Adams,NOT_FOUND,NOT_FOUND,Apple Inc.,320193,2025-10-30,fiscal 2025 fourth quarter,$102.5 billion,$1.85,"$27,466 million",36,after earnings
Apple Inc.,AAPL,320193,2026-01-02,appointment,Ben Borders,Principal Accounting Officer,"January 1, 2026",Apple Inc.,320193,2026-01-29,fiscal 2026 first quarter,$143.8 billion,$2.84,"$42,097 million",27,before earnings
Apple Inc.,AAPL,320193,2026-04-20,appointment,John Ternus,Chief Executive Officer,NOT_FOUND,Apple Inc.,320193,2026-04-30,fiscal 2026 second quarter,$111.2 billion,$2.01,"$29,578 million",10,before earnings
JPMorgan Chase & Co.,JPM,19617,2025-12-08,NOT_FOUND,NOT_FOUND,NOT_FOUND,NOT_FOUND,JPMorgan Chase & Co.,19617,2026-01-13,FOURTH QUARTER 2025,$45.8 billion,$4.63,$13.0 BILLION,36,before earnings
JPMorgan Chase & Co.,JPM,19617,2026-01-22,NOT_FOUND,NOT_FOUND,NOT_FOUND,NOT_FOUND,JPMorgan Chase & Co.,19617,2026-01-13,FOURTH QUARTER 2025,$45.8 billion,$4.63,$13.0 BILLION,9,after earnings
JPMorgan Chase & Co.,JPM,19617,2026-06-25,appointment,Troy Rohrbaugh,NOT_FOUND,immediately,JPMorgan Chase & Co.,19617,2026-07-14,SECOND QUARTER 2026,$57.3 billion,$7.70,$21.2 BILLION,19,before earnings
JPMorgan Chase & Co.,JPM,19617,2026-06-25,departure,Marianne Lake,NOT_FOUND,NOT_FOUND,JPMorgan Chase & Co.,19617,2026-07-14,SECOND QUARTER 2026,$57.3 billion,$7.70,$21.2 BILLION,19,before earnings
Microsoft Corporation,MSFT,789019,2025-09-30,NOT_FOUND,NOT_FOUND,NOT_FOUND,NOT_FOUND,Microsoft Corporation,789019,2025-10-29,first quarter of fiscal year 2026,$77.7 billion,$3.72,$27.7 billion,29,before earnings
Microsoft Corporation,MSFT,789019,2025-12-08,NOT_FOUND,NOT_FOUND,NOT_FOUND,NOT_FOUND,Microsoft Corporation,789019,2025-10-29,first quarter of fiscal year 2026,$77.7 billion,$3.72,$27.7 billion,40,after earnings
Microsoft Corporation,MSFT,789019,2026-05-14,appointment,Carmine Di Sibio,NOT_FOUND,"May 13, 2026",Microsoft Corporation,789019,2026-04-29,third quarter of fiscal year 2026,$82.9 billion,$4.27,$31.8 billion,15,after earnings
Microsoft Corporation,MSFT,789019,2026-06-05,departure,Reid Hoffman,member of the Board of Directors,NOT_FOUND,Microsoft Corporation,789019,2026-04-29,third quarter of fiscal year 2026,$82.9 billion,$4.27,$31.8 billion,37,after earnings
NVIDIA Corporation,NVDA,1045810,2026-01-23,departure,Persis Drell,member of the Board of Directors,immediately,NVIDIA Corporation,1045810,2026-02-25,Q4 Fiscal 2026,$68.1 billion,$1.76,"$42,960 million",33,before earnings
NVIDIA Corporation,NVDA,1045810,2026-03-06,NOT_FOUND,NOT_FOUND,NOT_FOUND,NOT_FOUND,NVIDIA Corporation,1045810,2026-02-25,Q4 Fiscal 2026,$68.1 billion,$1.76,"$42,960 million",9,after earnings
NVIDIA Corporation,NVDA,1045810,2026-04-27,departure,Donald Robertson,NOT_FOUND,"May 4, 2026",NVIDIA Corporation,1045810,2026-05-20,First Quarter Fiscal 2027,$81.6 billion,$2.39,"$58,321 million",23,before earnings
NVIDIA Corporation,NVDA,1045810,2026-04-27,appointment,Scott Gawel,NOT_FOUND,"May 4, 2026",NVIDIA Corporation,1045810,2026-05-20,First Quarter Fiscal 2027,$81.6 billion,$2.39,"$58,321 million",23,before earnings
NVIDIA Corporation,NVDA,1045810,2026-05-08,appointment,Suzanne Nora Johnson,member of the Board of Directors,"July 13, 2026",NVIDIA Corporation,1045810,2026-05-20,First Quarter Fiscal 2027,$81.6 billion,$2.39,"$58,321 million",12,before earnings
NVIDIA Corporation,NVDA,1045810,2026-07-02,departure,Ajay K. Puri,NOT_FOUND,NOT_FOUND,NVIDIA Corporation,1045810,2026-05-20,First Quarter Fiscal 2027,$81.6 billion,$2.39,"$58,321 million",43,after earnings
NVIDIA Corporation,NVDA,1045810,2026-07-02,appointment,Nicholas Parker,"Executive Vice President, Worldwide Field Operations of the Company","August 24, 2026",NVIDIA Corporation,1045810,2026-05-20,First Quarter Fiscal 2027,$81.6 billion,$2.39,"$58,321 million",43,after earnings
Walmart Inc.,WMT,104169,2025-10-22,appointment,Dwayne Milum,NOT_FOUND,NOT_FOUND,Walmart Inc.,104169,2025-11-20,Q3 FY26,$179.5 billion,$0.77,"$6,143 million",29,before earnings
Walmart Inc.,WMT,104169,2025-11-14,appointment,John R. Furner,member of the Board of Directors,"February 1, 2026",Walmart Inc.,104169,2025-11-20,Q3 FY26,$179.5 billion,$0.77,"$6,143 million",6,same week
Walmart Inc.,WMT,104169,2026-01-08,appointment,Shishir Mehrotra,member of the Board of Directors,NOT_FOUND,Walmart Inc.,104169,2026-02-19,Q4 FY26,$190.7 billion,$0.53,"$4,237 million",42,before earnings
Walmart Inc.,WMT,104169,2026-01-16,appointment,David Guggina,NOT_FOUND,"February 1, 2026",Walmart Inc.,104169,2026-02-19,Q4 FY26,$190.7 billion,$0.53,"$4,237 million",34,before earnings
Walmart Inc.,WMT,104169,2026-01-16,appointment,John Furner,NOT_FOUND,NOT_FOUND,Walmart Inc.,104169,2026-02-19,Q4 FY26,$190.7 billion,$0.53,"$4,237 million",34,before earnings
Walmart Inc.,WMT,104169,2026-01-16,departure,Kathryn McLay,"Executive Vice President, President and Chief Executive Officer, Walmart International",NOT_FOUND,Walmart Inc.,104169,2026-02-19,Q4 FY26,$190.7 billion,$0.53,"$4,237 million",34,before earnings
Walmart Inc.,WMT,104169,2026-01-16,appointment,Christopher Nicholas,NOT_FOUND,NOT_FOUND,Walmart Inc.,104169,2026-02-19,Q4 FY26,$190.7 billion,$0.53,"$4,237 million",34,before earnings
Walmart Inc.,WMT,104169,2026-01-16,appointment,Latriece Watkins,NOT_FOUND,NOT_FOUND,Walmart Inc.,104169,2026-02-19,Q4 FY26,$190.7 billion,$0.53,"$4,237 million",34,before earnings
